name,y,x,index,vy,vx
A1,480.64377572297064,861.5194919102235,0,-0.5197590779070472,0.9793141187257082
A2,538.6682346958655,919.5373361364342,1,-0.493281593529113,1.003598712519397
A3,494.2319071082206,875.0859840050026,2,-0.4884072383542886,1.0034865926192276
A4,507.231306130595,888.1040822894852,3,-0.47234305452117026,1.0257654857792378
A5,576.8091914104041,957.6782248605582,4,-0.5792468471903127,0.9176119771516307
A6,642.6915076342368,1023.5605030592491,5,-1.4209735955593754,0.0758726239408487
A7,683.1512264938683,1064.0202140477836,6,-1.4939458804605694,0.0028975454098582707
A8,614.3498897765122,995.218887733997,7,-0.71246488636505,0.784381915085102
