name,y,x,index,vy,vx
A1,480.7013586026924,858.841466600377,0,0.012437059024394981,-0.05329307807982422
A2,536.5522968404755,894.6478575402348,1,0.0038543037664153772,-0.010294552059546701
A3,590.619005617255,857.2326599649308,2,0.07285248169266736,0.0812784849406343
A4,476.46755013498665,928.6586855445298,3,-0.03196683197355573,-0.05709594181198069
A5,570.8201382900897,951.3930017123016,4,-0.0712583766496521,0.06157131658663706
A6,652.0113307464088,1005.602053148179,5,0.03395085139706024,-0.03388215310363165
A7,624.2760846683252,1065.270172444314,6,-0.036936354661096724,-0.06189248442245567
A8,536.7920855003275,1010.7483285942375,7,-0.0658874954941435,0.05246508097918955
,481.7258015894165,1048.048344967418,8,-0.06956240074807053,0.03912318959893402
