source,target,index
"{'name': 'A1', 'y': 480.7013586026924, 'x': 858.841466600377, 'index': 0, 'vy': 0.012437059024394981, 'vx': -0.05329307807982422}","{'name': 'A2', 'y': 536.5522968404755, 'x': 894.6478575402348, 'index': 1, 'vy': 0.0038543037664153772, 'vx': -0.010294552059546701}",0
"{'name': 'A2', 'y': 536.5522968404755, 'x': 894.6478575402348, 'index': 1, 'vy': 0.0038543037664153772, 'vx': -0.010294552059546701}","{'name': 'A3', 'y': 590.619005617255, 'x': 857.2326599649308, 'index': 2, 'vy': 0.07285248169266736, 'vx': 0.0812784849406343}",1
"{'name': 'A2', 'y': 536.5522968404755, 'x': 894.6478575402348, 'index': 1, 'vy': 0.0038543037664153772, 'vx': -0.010294552059546701}","{'name': 'A4', 'y': 476.46755013498665, 'x': 928.6586855445298, 'index': 3, 'vy': -0.03196683197355573, 'vx': -0.05709594181198069}",2
"{'name': 'A5', 'y': 570.8201382900897, 'x': 951.3930017123016, 'index': 4, 'vy': -0.0712583766496521, 'vx': 0.06157131658663706}","{'name': 'A2', 'y': 536.5522968404755, 'x': 894.6478575402348, 'index': 1, 'vy': 0.0038543037664153772, 'vx': -0.010294552059546701}",3
"{'name': 'A6', 'y': 652.0113307464088, 'x': 1005.602053148179, 'index': 5, 'vy': 0.03395085139706024, 'vx': -0.03388215310363165}","{'name': 'A7', 'y': 624.2760846683252, 'x': 1065.270172444314, 'index': 6, 'vy': -0.036936354661096724, 'vx': -0.06189248442245567}",4
"{'name': 'A8', 'y': 536.7920855003275, 'x': 1010.7483285942375, 'index': 7, 'vy': -0.0658874954941435, 'vx': 0.05246508097918955}","{'name': 'A5', 'y': 570.8201382900897, 'x': 951.3930017123016, 'index': 4, 'vy': -0.0712583766496521, 'vx': 0.06157131658663706}",5
"{'x': 1048.048344967418, 'y': 481.7258015894165, 'index': 8, 'vy': -0.06956240074807053, 'vx': 0.03912318959893402}","{'name': 'A8', 'y': 536.7920855003275, 'x': 1010.7483285942375, 'index': 7, 'vy': -0.0658874954941435, 'vx': 0.05246508097918955}",6
