source,target,index
"{'name': 'main', 'y': 537.1048600582342, 'x': 935.3719203419959, 'index': 0, 'vy': 0.0002004911562732253, 'vx': -0.0003352820591872113, 'weight': 4}","{'name': 'readSpreadSheet', 'y': 513.1526779189928, 'x': 1001.7268166526914, 'index': 1, 'vy': -0.0007570352629108012, 'vx': -0.001056588367749554, 'weight': 2}",0
"{'name': 'main', 'y': 537.1048600582342, 'x': 935.3719203419959, 'index': 0, 'vy': 0.0002004911562732253, 'vx': -0.0003352820591872113, 'weight': 4}","{'name': 'printArray', 'y': 600.2689238787884, 'x': 907.641165156674, 'index': 2, 'vy': 0.0022439420258465424, 'vx': 0.0011647844695827955, 'weight': 1}",1
"{'name': 'main', 'y': 537.1048600582342, 'x': 935.3719203419959, 'index': 0, 'vy': 0.0002004911562732253, 'vx': -0.0003352820591872113, 'weight': 4}","{'name': 'displayYOY', 'y': 531.2765693408531, 'x': 867.8797901664788, 'index': 3, 'vy': 0.0016247280033805922, 'vx': -0.000775541435552354, 'weight': 2}",2
"{'name': 'main', 'y': 537.1048600582342, 'x': 935.3719203419959, 'index': 0, 'vy': 0.0002004911562732253, 'vx': -0.0003352820591872113, 'weight': 4}","{'name': 'exitProgram', 'y': 467.7104389572878, 'x': 949.8559735921956, 'index': 4, 'vy': 0.0008070308983727364, 'vx': -0.0021636156401830765, 'weight': 1}",3
