source,target,index
"{'name': 'main', 'y': 511.0335058927328, 'x': 902.1347881108888, 'index': 0, 'vy': 0.0007190299785088478, 'vx': 0.0023046978084698922, 'fx': None, 'fy': None}","{'name': 'printArray', 'y': 472.75417598748453, 'x': 955.363428177555, 'index': 2, 'vy': 0.0015178735010992026, 'vx': 0.004884194994025148}",0
"{'name': 'displayYOY', 'y': 629.3018224299141, 'x': 899.2931253799836, 'index': 3, 'vy': 0.0009442177886573311, 'vx': -0.006277974133051045}","{'name': 'YOY', 'y': 594.2476610788667, 'x': 953.1825895478556, 'index': 5, 'vy': 0.0037147354756582344, 'vx': -0.002540176084038087}",1
"{'name': 'getYear', 'y': 511.17354812567265, 'x': 767.381039987026, 'index': 6, 'vy': -0.003876164720392987, 'vx': 0.0015849217457752167}","{'name': 'length', 'y': 447.12497922628756, 'x': 751.4067327127723, 'index': 7, 'vy': -0.005021887321139201, 'vx': 0.00010254619695447553}",2
"{'name': 'getYear', 'y': 511.17354812567265, 'x': 767.381039987026, 'index': 6, 'vy': -0.003876164720392987, 'vx': 0.0015849217457752167}","{'name': 'substr', 'y': 534.8844619821735, 'x': 705.9752489733562, 'index': 8, 'vy': -0.0006680800541291584, 'vx': 0.0006547461055918635}",3
"{'name': 'readSpreadSheet', 'y': 575.7629528071766, 'x': 779.7465087048267, 'index': 1, 'vy': -0.0018906794806783853, 'vx': 0.0014133473835014662}","{'name': 'getYear', 'y': 511.17354812567265, 'x': 767.381039987026, 'index': 6, 'vy': -0.003876164720392987, 'vx': 0.0015849217457752167}",4
"{'x': 924.5487437744691, 'y': 413.71699840133687, 'name': 'NewNode', 'index': 10, 'vy': -0.0002160552572409158, 'vx': 0.0032974461096668237, 'fx': None, 'fy': None}","{'x': 859.5281166848841, 'y': 396.16153075021714, 'name': 'NewNode', 'index': 9, 'vy': 0.0013590243072793744, 'vx': 0.0010527924083786778}",5
"{'x': 924.5487437744691, 'y': 413.71699840133687, 'name': 'NewNode', 'index': 10, 'vy': -0.0002160552572409158, 'vx': 0.0032974461096668237, 'fx': None, 'fy': None}","{'name': 'printArray', 'y': 472.75417598748453, 'x': 955.363428177555, 'index': 2, 'vy': 0.0015178735010992026, 'vx': 0.004884194994025148}",6
