source,target,index
"{'name': 'A1', 'y': 538.4973666497384, 'x': 858.3404892456208, 'index': 0, 'vy': -0.011504404104219044, 'vx': -0.16766013948650546}","{'name': 'A2', 'y': 504.57665161542303, 'x': 916.1556283595708, 'index': 1, 'vy': 0.05287494115797642, 'vx': -0.07710611624200896}",0
"{'name': 'A2', 'y': 504.57665161542303, 'x': 916.1556283595708, 'index': 1, 'vy': 0.05287494115797642, 'vx': -0.07710611624200896}","{'name': 'A3', 'y': 568.661522052376, 'x': 929.3114054105591, 'index': 2, 'vy': 0.10219407515540099, 'vx': -0.14705906706641367}",1
"{'name': 'A2', 'y': 504.57665161542303, 'x': 916.1556283595708, 'index': 1, 'vy': 0.05287494115797642, 'vx': -0.07710611624200896}","{'name': 'A4', 'y': 454.830880844799, 'x': 874.2549613493479, 'index': 3, 'vy': -0.14170965864658905, 'vx': 0.08692175469174246}",2
"{'name': 'A5', 'y': 486.5485756163573, 'x': 978.9686122414495, 'index': 4, 'vy': 0.07839195304772617, 'vx': -0.027805032161373967}","{'name': 'A2', 'y': 504.57665161542303, 'x': 916.1556283595708, 'index': 1, 'vy': 0.05287494115797642, 'vx': -0.07710611624200896}",3
"{'name': 'A6', 'y': 665.695220173568, 'x': 997.929711862248, 'index': 5, 'vy': -0.055224147138738466, 'vx': 0.14866426670574986}","{'name': 'A7', 'y': 672.356960675364, 'x': 933.4442926687875, 'index': 6, 'vy': 0.03520447727703004, 'vx': 0.11097914628635279}",4
"{'name': 'A8', 'y': 508.65608674932446, 'x': 1040.1360523619983, 'index': 7, 'vy': -0.06335391259760904, 'vx': 0.0629558244303959}","{'name': 'A5', 'y': 486.5485756163573, 'x': 978.9686122414495, 'index': 4, 'vy': 0.07839195304772617, 'vx': -0.027805032161373967}",5
"{'x': 994.9079232703037, 'y': 424.1055743572784, 'name': 'NewNode', 'index': 8, 'vy': 0.03787385681363995, 'vx': 0.0298660337562602}","{'name': 'A5', 'y': 486.5485756163573, 'x': 978.9686122414495, 'index': 4, 'vy': 0.07839195304772617, 'vx': -0.027805032161373967}",6
"{'x': 1088.6737488254655, 'y': 548.9462181916043, 'name': 'NewNode', 'index': 9, 'vy': 0.09081929982521304, 'vx': -0.019546857951177186}","{'name': 'A8', 'y': 508.65608674932446, 'x': 1040.1360523619983, 'index': 7, 'vy': -0.06335391259760904, 'vx': 0.0629558244303959}",7
